,Comment,Likes,Time,UserLink,user
0,Play on  with a super powerful processor and snap away  in ultra-high resolution. What epic moments will you share?Learn more: http://smsng.co/S23Ultra_Intro_ytp,852,2 months ago,https://www.youtube.com/channel/UCWwgaK7x0_FR1goeSRazfsQ,
1,"Ok this is awesome. Im so happy that Samsung is upgrading it's night photography and giving some focus to astrophotography as well. One of my favorite things to do is mobile astrophotography and this is looking like a serious upgrade for me. Thank you Samsung, will definitely be upgrading from my 5 year old OnePlus this year!",1.1K,2 months ago,,
2,"Ever since the S22 Ultra, I've been the biggest fan of your smartphones! This year is going to be even better, and now with more steady video as well as a vastly improved night mode, I'm sure we will even beat Apple's recording capabilities!",951,2 months ago,,
3,"By far the most creative and captivating introduction film of any product.
Way to go, Samsung!",94,2 months ago,,
4,"Probably one of the best smartphone trailers EVER!, the S23 is going to be huge this year!",283,2 months ago,,
5,"This is the best Samsung commercial in decades! Makes me really want to get the S23. Maybe I will
UPDATE: The retailers are borderline scalpers. The phone costs double the price where I live in the Caribbean. I'll have to sit this one out. Ad is still sick",1.7K,2 months ago (edited),,
6,The introduction film is impecceable! Loooooved watching every second of it.,5,1 month ago,,
7,"Nostalgia to the times when smartphone introductions are fun like this
Edit: thank you for the likes",3.6K,2 months ago (edited),,
8,This is actually such an elaborate and fun introduction film. Nice job. My s23 Ultra is already pre-ordered!,259,2 months ago,,
9,I have to admit that this focus on the camera including Astro photography and low light seems pretty great.,95,2 months ago,,
10,Never seen Samsung pull out an epic commercial better than this,21,2 months ago,,
11,Hmmm‚Ä¶ still not convincing me enough to move from 14 pro max.,86,2 months ago,,
12,"I must confess I love this commercial, beautifully done and fun too",9,2 months ago,,
13,Samsung Official Introductions are not as good as they were earlier,8,2 months ago,,
14,Great one! Both intro film and the product looks absolutely promising.,79,2 months ago,,
15,"Samsung always innovates endlessly, I pray everyone can buy Samsung S23 Ultra. Love it",382,2 months ago,,
16,The dumb equipment of 700 performance better,6,2 months ago (edited),,
17,"I must say Samsung has the best video introduction of all time. Kind of disappointed with my trade in value for my s22 ultra, but I‚Äôll hold unto it until next year",170,2 months ago,,
18,"I got mine yesterday and as Samsung stated, ""Ultra"" is the best of the best and the S23 Ultra delivers. The device is so responsive that its unbelievable. My Note 20 Ultra wasnt this fast at all.",3,2 months ago,,
19,And I might upgrade from S22 Ultra to S23 Ultra just for that astrophotography.,155,2 months ago,,
20,It was fun watching it.Awesome introduction Ô∏è,32,2 months ago,,
21,As someone who has a S9 and loved taking photos on my phone. This is what I'll upgrade to,281,2 months ago,,
22,Been so long since i saw a genuinely fun intro video for a smartphone launch. Way to go Samsung. I might upgrade from my old one plus this year!,1,2 months ago,,
23,I always wait for new Samsung introduction videos they are always fun to watch love it as always Ô∏è,6,2 months ago,,
24,Great phone as always. Love the design. I wish if I had money to own this beauty,3,2 months ago,,
25,Galaxy m13 is bad at performance,14,2 months ago,,
26,I haven't been this excited for a new phone in a while!,7,2 months ago,,
27,It's the worst that can exist,5,2 months ago,,
28,"Base S23 could now easily be recommended as the best compact phone; with S22, battery and thermal issues were big problems that held it back from getting that title and instead the Asus Zenfone 9 got it. Now, with bigger battery, more efficient chip, and better cooling system, S23 wins that title by FAR (Zenfone 9 doesn't have telephoto lens or wireless charging, lesser update commitment, and is missing all those QOL improvements that real flagships have). Of course there's still iPhone 14 pro to consider, but a) it's $200 dollars more, b) has weaker battery and charging, c) you can't really compare iOS and Android since no one is really switching from one to another no matter how many arguments you have either way...",2,2 months ago (edited),,
29,"They're really stepping up their game in their introduction videos. Instead of having some person narrate the things that are new, they show you with people having more of a conversation in more imaginative environments. Though I do like that commercial that shows how their SSD isn't made of soap lol",4,2 months ago,,
30,"I love my S23 Ultra, I can't get over the things this phone can do, and the camera well thats self explanatory. Awesome phone!!!",1,2 weeks ago,,
31,I dont see that much difference than older models,100,2 months ago,,
32,Ssoooo for those of us who dont care about pretending to be a professional photographer what else is special about this phone. Like why would u want to upgrade from my s22 ultra? Lol,3,2 months ago,,
33,The editing is of next level to make s23 ultra feel like ultra,18,2 months ago,,
34,This newly masterpiece gonna rule over people's hearts. Ô∏è,8,2 months ago,,
35,I just got it a few weeks ago and have been in love with it since.,0,2 weeks ago,,
36,great stuff Samsung as always! doing my pre order now!,10,2 months ago,,
37,"Love this next level commercial, looks like we are in the future right now!",17,2 months ago,,
38,Love love love! This will be my next new phone. Haven't felt the need to upgrade my S10+ since release... I think now is the time and I'm EXCITED!!!!,48,2 months ago,,
39,"Very Sad, Collecting lacs of bucks for phone, but not giving head phone and charger",1,2 months ago,,
40,This was way better then I was expecting! I might upgrade from 13 pro max to S23U just because I prefer Samsung,28,2 months ago,,
41,Back to old school. Informative and fun,1,2 months ago,,
42,Ok now this has got to be one of THE MOST epic introductions from Samsung ever like bruh this phone looks so fantastic and majestic just like the s22 ultra I'm inlove,6,2 months ago,,
43,Now it is called performance booster in every thing Ô∏è,5,2 months ago,,
44,Being an S22 Ultra user i thought there couldn't be any better phone and the S23 ultra will jst have some extra stuff and nothing more but these huge internal upgrades are making me want the s23 ultra nowÔ∏è,20,2 months ago,,
45,Good thing they fixed this low light photo/video issue this was one of the reason I ditched S22 ultra. Definitely looking forward to upgrade from S10+ to S23 ultra.,3,2 months ago,,
46,"The design is very similar to S22 Ultra, but I'm rooting for the camera upgrade",1,2 months ago,,
47,"this comercial makes me want to buy it right now, i loved everything about it and i loved the phone as well.",1,2 months ago,,
48,"Dude I'm impressed by those front and rear camerasÔ∏è‚ÄçÔ∏è, I really want one i will start saving money but till then s24 ultra will be launched",15,2 months ago,,
49,"Finally Samsung has shed some light on videography. Upto the S22 series, this was the only problem. Looks like they've solved it in it's predecessor",2,2 months ago,,
50,This was truly epic,5,2 months ago,,
51,"This is not just an adso engaging, well done",0,1 month ago,,
52,"What's new ? in fact nothing... only normal upgrades compare to the last year device... And from an Note 10+ device, I don't have the woaw effect... neither design nor features has changes or improved.... But have to admit the price for the same performance (1100‚Ç¨ to 1600‚Ç¨)",26,2 months ago,,
53,"I'm just in love with Samsung wow, this introduction alone is so special",0,2 months ago,,
54,"I think I can speak for everyone when I say, THIS WAS AN AMAZING, WELL EXECUTED VIDEO, showing us what‚Äôs new about our life companion!",5,2 months ago,,
55,This is embarrassing.,17,2 months ago,,
56,Now I want this even more...,0,2 months ago,,
57,I hope the astrophotography mood will come with an update on s22 ultra I love discovering space  Ô∏è,4,2 months ago,,
58,"I've been with Samsung since the Galaxy S6, which I still own. Just pre ordered mine. I'm upgrading from the S20 Plus 5G to S23 Galaxy Ultra.",2,2 months ago,,
59,"Whatever, the design looks cheap, it runs Android, full of malware and Spyware, so enjoy yourself",11,2 months ago,,
60,This is the most beautiful ad I've ever seen. It's so fun,4,2 months ago,,
61,"Looks so awesomeGot the S22U, it's AMAZING...I'll be back 4 the S24U",44,2 months ago,,
62,Amo Samsung,1,9 days ago,,
63,love it Ô∏è,0,2 months ago,,
64,An Apple user Will regrets buying iphone,1,2 months ago,,
65,"envious of the SD 8 gen 2, from my s22+. though the battery here is also very doable, can't imagine how stress free it would be with the s23 series in terms of power backup",4,2 months ago,,
66,Absolutely incredible introduction video,1,2 months ago,,
67,"Seems great despite looking like iterative update. Anyway, one disappointed aspect is Samsung does not up the ante for Ultra Wide Angle Camera. Oppo able to fit same sensor as main sensor on Find X5 pro which have among the best ultra-wide camera (day and night). Wish Samsung put bigger and better sensor for Ultra-wide camera.",1,2 months ago,,
68,This is my first time getting a flagship model since the existence of smartphone. I swear I gonna rewatch every S23 ultra videos on youtube once I get my phone next week,0,1 month ago,,
69,Very good design and awesome features.,1,2 months ago,,
70,OKay Samsung Racist much? Why you gotta include the black guy last?,1,2 months ago,,
71,"I just love how the sync or union everything with each other. I have been using Samsung specially the Note ""Ultra"" line for more than 12 years.They only need to make the charging time as fast as the chines phones.I have the tab S8 Ultra, S22 Ultra, Smart watch4 and I'm thinking now for the Samsung Book Ultra but I can't afford the price nowwonderful Unpack show",12,2 months ago,,
72,Now I want this even more ..... !!,3,2 months ago,,
73,I think I'll put my iPhone aside to experience this beauty,3,2 months ago,,
74,This is a masterpiece,0,2 months ago,,
75,Now that was epic,4,2 months ago,,
76,"I have an S8 since 2017. I waited and waited, and raised some money for a new phone. I am thinking at S23U, not sure though due to its sizes. It seems so big, but with all the new specs and camera upgrades I do think it is a good deal. I use my phone for social media, email and a lot of photos (nature mostly and family photos). My S8 battery started to show signs of getting old a few months ago. I thought of other brands as well, but I am a Samsung fan. I am thinking about S23U also because of its battery (which is bigger than the on on S23+). A lot of you mention S22U as being a good phone (no doubt about that), but I cannot say the price makes a huge difference between both of them, and taking into account the upgrades S23U has, I think it is worth it. Any suggestions?",0,2 months ago,,
77,Literally goosebumps when she introduces a feature to him,3,2 months ago,,
78,Already preordered. Wanted to be among the first to get my hands on this one!,6,2 months ago,,
79,Was waiting for samsung to release S23 for a long time n finally s23 is out n it's crazy man... Hope I can afford to buy my dream phone one day...,0,2 months ago,,
80,"This is so awesome!! I've ordered my S23 Ultra, can't wait to get it!!",1,2 months ago,,
81,this commercial is AWESOME!!!love it,1,2 months ago,,
82,"I really love my S23 Ultra, but I am not a fan of this commercial lol",1,2 months ago,,
83,"Though not buying it,but this introduction put a smile on me Ô∏è",4,2 months ago,,
84,"The best way to shoot quality photos with the new Samsung Galaxy S32 Ultra is to use the 50MP mode and then scale down the size to 4000 x 3000 pixels (12MP, 4:3 aspect ratio) or crop the latter to 4000 x 2250 pixels (9MP, 16:9 ratio). This results into extremely detailed photos with small file size. I'm wondering, why the ""Samsung"" engineers were not smart enough to include those two options in the phone's camera app? I used to have S21 and did the same trick with its 64MP photos that I scaled down to incredibly natural looking 9MP ones with an aspect ratio of 16:9. The default 12MP photos of S23 Ultra are oversharpened and unnatural.",0,2 months ago,,
85,All ready loving it,2,2 months ago,,
86,"Samsung, you guys gotta get rid of the curve..it's obsolete and temper glass won't stay in tact because of it",0,1 month ago,,
87,Can you stop giving us curved edges please? Thank you,1,2 months ago,,
88,Watching this on old Galaxy Note 10 Plus & loving it!,1,2 months ago,,
89,Watching this in my Galaxy Note 8. Would consider this year's release if I can get it cheaper. S22 Ultra last year has a New Year's promo reducing the retail price by around 17%. My phone is a bit slow now so I am aiming for a new Phone with S-Pen.,18,2 months ago,,
90,Goosebumps Ô∏èÔ∏è,2,2 months ago,,
91,"refreshing to see video like this,, fun and informative! love it...",1,2 months ago,,
92,"i have already ordered s23u in graphite colour, can't wait to get my hands onÔ∏è",1,2 months ago,,
93,Now that's how you do an introduction film. Kudos Samsung,122,2 months ago,,
94,Omg it's amazing  I like it,0,2 months ago,,
95,"Still using my Note 9, but I might finally upgrade",9,2 months ago,,
96,Price is too high,2,2 months ago,,
97,Love it,1,2 months ago,,
98,Masterpiece,1,2 months ago,,
99,"Bruh, I expected a better official introduction video for the S23 Ultra. The Galaxy S21 and S22 Ultra introductions were so amazing!",64,2 months ago,,
100,Who ever made this video deserves a raise Ô∏è,0,2 months ago,,
101,Just incredible like always Ô∏è,4,2 months ago,,
102,This is amazing! Ô∏è,2,2 months ago,,
103,"""Look at you with your fancy pen"" is something people actually say, the most realistic line in this video",0,2 months ago,,
104,In love with this commercial,0,2 months ago,,
105,This was such a bad commercial. You guys should definitely improve the writing and directing of these commercials,0,2 months ago,,
106,Its incredible.,1,2 months ago,,
107,Love this one.,3,2 months ago,https://www.youtube.com/channel/UCLVncs-1iVf4f1tW5WSfQfw,
108,S-series smartphones are probably the best android phones in any segment all around the globe. Loved it.,1,2 months ago,,
109,Best phone productivity hands down,0,2 months ago,,
110,This is worth the hype!,0,2 months ago,,
111,Just pre-booked in India. Should be getting delivered by 20 Feb. So long waiting to buy a S23,0,2 months ago,,
112,This is the best Samsung commercial in decades! Make me really want to get S23 ultra.Maybe i will,1,2 months ago,,
113,I love it S23 with one ui 5.1 Ô∏è,26,2 months ago,,
114,Okay!!!This was freaking 'Epitome of Epicosity'.,2,2 months ago,,
115,Excellent! Fantastic! What a beautiful phone ad! And a brilliant phone too!,0,2 months ago,,
116,Thank you very much for the excellent and distinctive explanation. Is the device available for call recording?,0,2 months ago,,
117,Amazing I love to see Samsung unpackes,1,2 months ago,,
118,Already using S22 Ultra for year. But didn't notice much difference in S23 Ultra. Decided to keep for another year. May b next year Samsung will come with new much more better features and design.,0,2 months ago,,
119,S23 ultra - the best smartphone in the world. Samsung will rule year 2023 with S23,4,2 months ago,,
120,"Its durability increase on every S generation, I'm using S20FE now and its still working like miracle (the last OS updates were game changer)",1,2 months ago,,
121,Just preordered it... can't wait to have on my hand...,0,2 months ago,,
122,I have the s22 ultra for the past 8 months and it's awesome,0,2 months ago,,
123,Unbelievable!,1,2 months ago,,
124,I bought it and i love it!,0,2 weeks ago,,
125,Absolutely  epic ....King,4,2 months ago,,
126,It makes me think the S24 Ultra will be completely different. The fact they've basically kept the same design and just changed the camera quality and storage capacity makes me think hmmm what will the S24 Ultra look like? I'm keeping my S22 Ultra love it. Still have my S10+ and S20 Ultra,2,2 months ago,,
127,I'm sorry but this commercial is just cringey asf bruh lol. Like this commercial would've worked out if we were like in the early 2000's but we're in 2023 now lol,0,2 months ago,,
128,Im gonna buy it,0,2 months ago,,
129,"I like this ad, now I know what I can use the features for. I'm using S21 and probably want to upgrade to S23",1,2 months ago,,
130,That's was amazing,0,2 months ago,,
131,Still have the Note 10 Plus and works well even when it is just Android 12. Though I am already thinking of upgrading. :D,3,2 months ago,,
132,Wow. We all need to check this out real soon.,1,2 months ago,,
133,I‚Äôm excited for this year‚Äôs over the horizon,1,2 months ago,,
134,"Love this commercial !, hope that i can have that S23 ultra",0,2 months ago,,
135,Best mobile commercial ever made Ô∏è,0,2 months ago,,
136,Ayyyyy .... Super fun .... What a level of presentation... Mind blowing...,0,2 months ago,,
137,Im excited to upgrade from s21 ultra to this beast!!!,3,2 months ago,,
138,Love it,0,2 months ago,,
139,Wonderful Ô∏è,0,2 months ago,,
140,The real Beast,0,2 months ago,,
141,This commercial is embarrassing it's so bad.,0,2 months ago,,
142,Stupid ad,0,2 months ago,,
143,It's crazy how brighter the vieos are on the S23,32,2 months ago,,
144,Congratulations to the World Here is another greatest creation from Samsung Best wishes for you my love Samsung,1,2 months ago,,
145,Dream oneÔ∏è‚Äç,0,2 months ago,,
146,Samsung never disappoints.... Stunning phone again!!!!!,0,2 months ago,,
147,Happy with the introduction  but sad that I cannot by such an expensive phone I love,1,2 months ago,,
148,Sure will get S23 UltraCan't wait the year 2123 to get it,1,2 months ago,,
149,Just taken pre order for S23 Ultra 512 GB RED and can't wait to hand's on,3,2 months ago,,
150,I love it.,0,2 months ago,,
151,S22 was already amazingthis is also Gonna be Amazing.,8,2 months ago,,
152,Looks like an awesome phone with a cool hype video but I love my Z Flip 4 already,0,2 months ago,,
153,"their putting a huge push on taking pictures and videos in the dark and stable videos and stuff thats great but im not big on the camera features at all like in general, but i am happy that the cooling vapor chamber is bigger and more efficent. but thats it, its gunna be a good phone but ill wait. happy with my s22 ultra.",18,2 months ago (edited),,
154,I'm an s22 ultra user now this is my next beast,0,2 months ago,,
155,this what perfectnesses really are!,3,2 months ago,,
156,amazing,1,2 months ago,,
157,Okay. Must admit this is the best smartphone commercial I have seen in recent times.,0,2 months ago,,
158,wow they made this really well tbh,0,2 months ago,,
159,The legend is back Ô∏èÔ∏èÔ∏èÔ∏èÔ∏è,1,2 months ago,,
160,Yes and I am about to buy that tomorrow,0,3 weeks ago,,
161,Nice introduction film,23,2 months ago,,
162,I can't wait for the s23 ultra and the s23 ultra,0,2 months ago,,
163,"Nightogotophy in space, I like how innovative is that :D",0,2 months ago,,
164,My dream phone Ô∏è,0,2 months ago,,
165,S23 Ultra is awesome man Ô∏è,0,3 weeks ago,,
166,Wow that was amazing!!,1,2 months ago,,
167,I can never buy it but it was good to see the reviews. I love Samsung a lot.,9,2 months ago,,
168,Would really like to see Samsung Galaxy go back to the S6 Active / metal or even renewed plastic designs for the back plate. Guess I'll just have to keep wishing.,1,2 months ago,,
169,samsung + snapdragon  =  perfect,0,2 months ago,,
170,AWESOME. I already bought two phones . So good,0,2 months ago,,
171,Amazing,0,2 months ago,,
172,Samsung always bring new things,0,2 months ago,,
173,Still sticking with my S20 Ultra for another two years or so. But looks good!,16,2 months ago,,
174,Looks amazing,0,2 months ago,,
175,"Impressive introduction video, how about the battery ? Is that any improvement and not overheating easily? Not a sarcastic post, am a S series user from S2, S6, S9+ and now S21 Ultra, all functions are good just battery easily dropping and sometimes might overheat and need shutdown for cold down.",0,2 months ago,,
176,"Even as an apple fan i gotta admit,the trailer is pretty epic",0,2 months ago,,
177,Those rings around lenses are amazing,12,2 months ago,,
178,Mindblowing for real,0,2 months ago,,
179,I DREAM WITH THIS SMARTPHONE T_T I want ittt so so much!,3,2 months ago,,
180,"Pre-ordered, purchased, can't wait till 2-17-23! In lavender of course!",0,2 months ago,,
181,S22ult is a BOOM last year so many ppl expecting much for this! will be there any significant upgrade..?,0,2 months ago,,
182,Awesome,0,2 months ago,,
183,I never seen a phone or advertising like this before in my life No doubt about samsung,1,2 months ago,,
184,Amazing,0,2 months ago,,
185,Ordered just now,5,2 months ago,,
186,Eagerly waiting for this! Gonna be my first flagship phone.Just waiting for it to be launched in India,0,2 months ago,,
187,Now that's a really EPIC commercial right there Samsung!,1,2 months ago,,
188,S 23 superb Ô∏è,0,2 months ago,,
189,Thank you  SAMSUNG for being consumer oriented. You listen to us a lot that's why you deliver the best:),1,2 months ago,,
190,"Let's take a moment to appreciate samsung for not turning off comments like apple always does
I've really started to enjoy their personality more.",0,2 months ago,,
191,I just got the Samsung S22 in December and now the S23 Ultra is out! Looks interesting,21,2 months ago,,
192,Okay this was epic!!!,0,2 months ago,,
193,Great can't wait,2,2 months ago,https://www.youtube.com/channel/UC4A0i8sdz6dHg_0HH15knbw,
194,I wish I could purchase this amazing mobile,0,2 months ago,,
195,"That's it, I'll keep my s22 ultra and wait for the s24 ultra!",0,2 months ago,,
196,Awesome can't wait,0,2 months ago,,
197,Same like Samsung S22 Ultra with some modification.. Awesome it is,5,2 months ago,,
198,If get the chance to buy I still go with S21 ultra model I love it's designed & colour.,0,2 months ago,,
199,I haven't been this excited for a new phone in a while!,13,2 months ago,,
200,"Watching this in 144p, it's like introducing the Galaxy S2",0,2 months ago,,
201,Not enough of an upgrade. I‚Äôll wait for the S24 Ultra.,0,2 months ago,,
202,THIS IS VERY AMAZING,0,2 months ago,,
203,Wow these phones are so great I can't wait least 10 more year's to afford one,0,2 months ago,,
204,These new phones   have been pointless for some years now... The only  aspect that keeps increasing is the price!These would be great if it was the year... 2000,4,2 months ago,,
205,After watching the samples there are some great improvements to video and night time video! For now great job samsung!,0,2 months ago,,
206,Thank you very much Samsung Galaxy came with surprises beyond what we expected and I think we would like to thank all Samsung Galaxy family and employees who have been very successful,2,2 months ago,,
207,"Wow, just wow I will buy it",0,2 months ago,,
208,I have purchased S23 ultra 512 gb variant on 17th but i m facing some display issues after using nd I have contacted customer care for support but he was keep on arguing,0,2 months ago,,
209,Wish I could buy this,0,2 months ago,,
210,this is cute! hope battery  life has no issue on this one,86,2 months ago,,
211,What's new really,1,2 months ago,,
212,Waste of money,1,2 months ago,,
213,they did the APPLE THING of naming every feature,2,2 months ago,,
214,"I'm looking forward to this 100x zoom , space zoom or moon zoom whatever smasung advertised with this stuff. 30x zoom on the s21 plus I can snap pics perfectly of the moon it's amazing so I can't imagine what the s23 ultra with these new features can do.",0,2 months ago,,
215,"I loved this trailer! Just because of this commercial, I gotta change my iphone and buy a s23 ultra",1,2 months ago,,
216,Such detailing is mind supernova-ing,4,2 months ago,,
217,Okay let's do the trade-in again from my S22 Ultra. Looking forward to that astro raw.,0,2 months ago,,
218,One of their best commercials,0,2 months ago,,
219,I want a mini version of ultra next year. Please make this possible SAMSUNG.,0,2 months ago,,
220,Felt nostalgic with the intro,0,2 months ago,,
221,This year will stick with s22 ultra.Ô∏è,1,2 months ago,,
222,Another great work for Samsung!! Watching this in my s22 ultra so I root for s24 or s25,3,2 months ago,,
223,That was really epic,1,2 months ago,,
224,Awesome representation,0,2 months ago,,
225,"Very nice trailer, well done Samsung! Still sticking to my note 9 that still going solid for God knows how long",0,2 months ago,,
226,Amazing!,2,2 months ago,,
227,watching this video on the same deviceÔ∏è wow,0,2 months ago,,
228,Apple has been real quiet after this dropped.,6,2 months ago,,
229,Samsung's introduction seems more fun and reliable than other mobile company does.,0,2 months ago,,
230,Best intro of the year I'll sayÔ∏è,0,2 months ago,,
231,Simply nice,0,2 months ago,,
232,What a fun ad Ô∏èÔ∏è,0,2 months ago,,
233,Awesome,0,2 months ago,,
234,"""Hey, what's new"" was epic",4,2 months ago,,
235,Amazing!,0,2 months ago,,
236,THIS IS INSANE,2,2 months ago,,
237,"Have been waiting for s23 U for a year now, will get this soon . @samsung",0,2 months ago,,
238,Alright you got me.ill wait for the S 24 ultra so the price will go down a little bit. S22 ultra owner here. I love the s23U tho Ô∏è,0,2 months ago (edited),,
239,Such a good ad in a long time,0,2 months ago,,
240,Just Amazing!!,30,2 months ago,,
241,I think the one problem isthat they should improve battery life when caching lots of datas and using max power,0,2 months ago,,
242,"I've been a constant fan of only one thing, Galaxy series.
Right form Samsung S3, Designed for Humans.",0,2 months ago,,
243,Now this was fun to watch,0,2 months ago,,
244,The new Galaxy S23 Ultra also allows you to hook up any stranger whom you've never met in your life for a 3 mins explanation of how good it is !,2,2 months ago,,
245,Amazing,0,2 months ago,,
246,"Nice introduction!! btw, the director are very creative! congratulations!  What's news? It's the samsung galaxy S23 Ultra!!!!",3,2 months ago,,
247,"I don't know why I laugh about this commercial. HAHA. This is fantastic! Well, I look forward buying this thing or S22 Ultra since there is only slight difference haha",0,2 months ago,,
248,Is the Google Pixel 8 Pro camera sensor and Tensor G3 processor going to be inferior than S23 Ultra?,1,2 months ago,,
249,The long awaited phone is here,0,2 months ago,,
250,That was really Epic,1,2 months ago,,
251,I love it,0,2 months ago,,
252,Incredible.Pre-ordering Now!,4,2 months ago,,
253,My favorite choice for always Ô∏èÔ∏èÔ∏èÔ∏è Thank you Samsung    Ô∏è,1,2 months ago,,
254,Excellent Performance & Photography,2,2 months ago,,
255,"Samsung always innovative , even is this ad",1,2 months ago (edited),,
256,"Pre-ordered mine in graphite. Upgrading from note 20 ultra. Little bit sad that micro SD card is no longer available, but glad that s-pen still made the cut.",2,2 months ago,,
257,I'm excited for the z fold 5,0,2 months ago,,
258,The green S23 Ultra is awesome.,44,2 months ago,,
259,Amazing,1,2 months ago,,
260,Epic,0,2 months ago,,
261,"Already have my galaxy s ultra green 512 gb, nice phone",0,2 months ago,,
262,"Nice, this was a fun video! I may upgrade this time.",0,2 months ago,,
263,Awesome,2,2 months ago,,
264,Real innovation!,4,2 months ago,,
265,Waiting to get a job just to buy this,0,2 months ago,,
266,Battery improvement is by far the best thing Samsung done this s23 ultra,0,2 months ago,,
267,Incredible phone but can you make a mini ultra the same size a the regular s23,0,1 month ago,,
268,"It's appealing, marketing aspect of the video has enticed me to make this purchase, and the 200MP has got me excited. Decisions!!",0,2 months ago (edited),,
269,So awesome  I‚Äôm an apple loyalist but il love to have this phone,0,2 weeks ago,,
270,"I just pre-ordered 1 TB S23 ultra, boom !!!!",5,2 months ago,,
271,"What's the best screen protector you guys recommend? And also case , something durable",0,2 months ago,,
272,"this took me back to the S3 commercial video when it saiddesigned for humans,inspired by naturetime flies...",0,2 months ago,,
273,Wow i wish I could have one,0,2 months ago,,
274,Is it even comfortable to hold? The corners are so sharp!,0,2 months ago,,
275,What‚Äôs new: The Name,0,3 weeks ago (edited),,
276,I got the S21 Ultra 512gb Phantom Navy. I skipped on the S22 Ultra. However I don't think i'll skip the S23 this year  Getting a 1 terabyte as well if the option is there.,4,2 months ago,,
277,Love it,0,2 months ago,,
278,this is by far the best introduction for a phone I've ever seen in my life really amazing Samsung,2,2 months ago,,
279,Everything is new,0,2 months ago,,
280,One of the best commercials I have ever seen,0,2 months ago,,
281,Watching this on my S23 Ultra in Cream colorway,0,1 month ago,,
282,"THIS ONE WILL BE THE BEST BY FAR, OFC BETTER THAN APPLE'S iphone 14",33,2 months ago,,
283,I love this,0,2 months ago,,
284,Brilliant!!!,0,2 months ago,,
285,Gosh I need to switch my Fold 4 to this now ü´°,0,2 months ago,,
286,"The ultra needs to have a 2TB variant while the the S+ should have a 1TB variant since SD cards have been removed, just hope they make the larger storage options much cheaper to make up for the removal of the SD cards.",0,2 months ago,,
287,Man this video is so good its making me wanna buy this phone even tho i can't  afford it,0,2 months ago,,
288,Samsung Ô∏è,3,2 months ago,,
289,I just pre ordered the S23 ultra in lime color! Can't wait to get it and put it in a black otter box LOL,2,2 months ago,,
290,Again! INCREDIBLE by Samsung! Thanks guys! See ya,1,2 months ago,,
291,I like the presetation,1,2 months ago,,
292,It's pretty much the same as Samsung Galaxy S22. Not much of a huge difference and upgrade.Except for it's camera more powerful and bit more extra features. Otherwise both the series and model are pretty much similar. S22 and S23.,0,2 months ago,,
293,The flagship of flagships,0,2 months ago,,
294,Watching this masterpiece on my Note 9.. I guess it‚Äôs time to upgrade,5,2 months ago,,
295,I like when smartphones commercials try to push as much as it is possible unnecessary stats into commercials,0,2 months ago,,
296,That's Awesome,0,2 months ago,,
297,Best Android phone to grab right now. Well executed Samsung!,1,2 months ago,,
298,S23 Ultra Cringe,0,1 month ago,,
299,I'm am glad that I now own the galaxy S23 ultra,0,2 weeks ago,,
300,My s20 ultra still runs fine. I can wait a couple more years until I pick this up for cheap. Says a lot.,3,2 months ago,,
301,"What about the battery? We need a powerful optimization like, you know, and it will be a very nice evolution for that beautiful phone.",0,2 months ago,,
302,"If they just make the software on par with how friendly ios‚Äô software is, id get it",0,2 months ago,,
303,I love the camera,0,2 months ago,,
304,The trade-in value was horrible for the s22 ultra so I'll just wait m I do like the upgrade it features like the better camera and allegedly longer battery life. Not to mention the less curves are appealing. And I make commission from the sales of these from SAMSUNG.,0,2 months ago (edited),,
305,What about battery timings? Can it compete Apple iPhone 14 Pro??,0,2 months ago,,
306,"Now we feel the real innovation, Galaxy S23 series feels the power",8,2 months ago,,
307,It's kinda cringe though,0,2 months ago,,
308,Maybe I'll still stick with my S22 Ultra,0,2 months ago,,
309,"Very Interesting Video,  i like itone day i will buy galaxy s23 Ultra, my dream",0,2 months ago (edited),,
310,It's incredible that Samsung Galaxy is taking pictures of real galaxy,0,2 months ago,,
311,Awesome,0,2 months ago,,
312,"1:26 ""Image simulated for illustrative purposes"" LOL",5,2 months ago,,
313,"I was not planning to move on Samsung after my Samsung S10 Plus (that was a bad experience with Samsung then I have purchased OnePlus 7Pro) but was planning for Samsung post launch of S22 ultra because of the design and waited for a year to price drop.And now Samsung S23 Ultra launched and with the corporate offer I got it at the same price of S22 Ultra.
Loving this monster and in my office people who are having iPhone 14 Pro Max..they are asking for exchange with their device",0,3 weeks ago (edited),,
314,"Samsung 
Pay more 
Get Less",0,2 months ago,,
315,I bought the S21 ultra and I thought of using it till maybe S25 or 26 but S23 seems really promising and I just ordered mine  Samsung you're really gonna make me poor,1,1 month ago,,
316,Wow never seen an ad like this wonderful amazing,0,2 months ago,,
317,I'm getting one at the end of the year,0,2 months ago,,
318,Fix the signal issues with the S22 Ultra first and then we can talk about this one.,3,2 months ago,,
319,Just upgraded to this from S21 Ultra.,0,2 months ago,,
320,One of the reasons I want a new job with good salary,0,2 months ago,,
321,perfect for valentines day,1,2 months ago,,
322,Any new features on Note taking with S pen?? S pen is the main reason many of my friends like this phone.,1,2 months ago,,
323,Love this commercial,0,2 months ago,,
324,bro said thank you and Died,5,2 months ago,,
325,Yes Sir!!! all I keep hearing is good things about this phone The new S23 ultra. I just purchased mine today  (256 gb phantom black )can't go wrong of course. The great thing is i only Paid $559!! for a brand new S23 ultra of course with a trade in my old (Samsung S22 ultra) awesome deal!!!,0,3 weeks ago,,
326,Nothing wen compared to S22 ultra other than 200pxl and processor. No need to upgrade from my S22 ultra,0,2 months ago,,
327,"yep i have to say i've been a samsung fan since 2003 , that's 20 years of loyalty",0,2 months ago (edited),,
328,I have the s22 ultra so I wasn't really impressed until it showed Astrophoto!? The only reason I'm even thinking about upgrading already,1,2 months ago,,
329,I have to buy it after 6-8 months later!,0,2 months ago,,
330,"his reaction is funny though.""expert who""",3,2 months ago,,
331,This is the most amazing of all  you Samsung,0,2 months ago,,
332,"So much powerful, imagine someone able to remote hack the phone and increase it's temperature making it overheat then explode.",0,4 days ago,,
333,Wow,0,2 months ago,,
334,Yes the zoom gimmick . It all makes sense now.,0,1 month ago,,
335,I can't wait,0,2 months ago,,
336,So cOOl,3,2 months ago,,
337,Super dope Ô∏è,0,2 months ago,,
338,It's fun and all.. but with all those features I wonder what the battery life is like. And if you turn it into power saving mode you probably won't be able to get all those features,0,2 months ago,,
339,That's great,0,2 months ago,,
340,Thank God at last Someone is doing best to compete with iPhoneI hope Samsung makes more incredible smartphones in best price segment,0,2 months ago,,
341,Love the video!,0,2 months ago,,
342,Unbeliveable Innovations,4,2 months ago,,
343,Everything is new inside that what matters design is already cool,0,2 months ago,,
344,good but cringe,1,2 months ago,,
345,Though I can't afford this phone but I'll suggest them who has ability to buy must check this phone. Best wishes for S23 Ultra !,0,2 months ago,,
346,"Make sure the z fold 5 has an ULTRA version, so the front screen is wider, and the media on the inner screen is also larger than on a regular phone",1,2 months ago,,
347,Im upgrading mine i have a note 9 so excited to get the S23ultra,0,2 months ago,,
348,"Since the snapdragon 8 gen 2 support recording videos in 8k 60 fps, please add the ability to record 8k 60 fps in an software update, @Samsung",6,2 months ago (edited),,
349,Amazing piece of marketing,0,2 months ago,,
350,What a boring update. Galaxy Note 20 Ultra is still the best.,0,2 months ago,,
351,Epic intro,0,2 months ago,,
352,I mean it looks cool and all but these upgrades always look cool and they end up not really being that different than the previous generation.,0,2 months ago,,
353,Watching on my Galaxy Grand prime. Nice,1,2 months ago,,
354,"Every single year, their official introduction films always amaze me. Idk who comes up with these ideas but I applaud you",8,2 months ago,,
355,That's an EPIC commercial..... Love s23,2,2 months ago,,
356,Remember the good old days when a flagship cost only 500 euros. RIP,1,2 months ago,,
357,So cool!! I think imma switch to samsung,1,2 months ago,,
358,"It's a new era, you know for Samsung it's clearly understandable!",0,2 months ago,,
359,I must pre order this,0,2 months ago,,
360,It's basically the same as my S22 Ultra just with slightly small amount of features. So no point of upgrading . . .,3,2 months ago,,
361,Boring,0,2 months ago,,
362,Welp nothing crazy...Miss the old days where innovations was inovations,2,2 months ago,,
363,Impressive,0,2 months ago,,
364,With such a powerful phone can you guys finally add controller support to genshin  or make a deal with them,0,2 months ago (edited),,
365,Next level promotion,0,2 months ago,,
366,"An Introduction of everything, but nothing new!",3,2 months ago,,
367,"I love it,",0,2 months ago,,
368,"You had me at ""Can you send me that?"", not gonna lie.",0,2 months ago,,
369,"This is awesome, I can't wait to buy this when I have money, wohooo!! Hehe....",0,2 months ago,,
370,I cant wait to go to the moon with this phone!,0,2 months ago,,
371,Best ‚Äúsamsung introducing‚Äù trailer ever,0,2 months ago,,
372,They need to make the Ultra flat-screened.,11,2 months ago,,
373,Lols everything is copied from iOS and nothing new,0,2 months ago,,
374,I wish people would see that iPhones are just iPods that can call and text but that Samsung are computers that can call and text. Massive difference between the two. No limitations what so ever with Samsung it's truly like carrying around a really small laptop.,0,2 months ago,,
375,Brilliant Mobile phone,0,2 months ago,,
376,I prefer my 14 pro but this is still a nice phone nonetheless.,0,2 months ago,,
377,Is it same price as last year s22 ultra?,0,2 months ago,,
378,"I just got this phone today, this phone is an absolute beast!Gaming experience, video, picture quality was amazing!! the preformance on games were great via the snapdragon processor! no lags or stuttering :)",3,2 months ago,,
379,Samsung S are now become the perfect phone. Literally no complain from past 2 year.,0,2 months ago,,
380,"A slightly faster processor, slightly better GPU, and a slightly better screen.... to the extreme! New camera is nice. But its biggest innovations are in AI software, not in the hardware.",0,2 months ago,,
381,Just gonna get the s23 ultra when I save up,0,2 weeks ago,,
382,Very nice . After 4 months you need to charge the battery twice a day,0,2 months ago,,
383,I lost into it while watching this commercial...,0,2 months ago,,
384,same question as well xD,3,2 months ago,,
385,A phone without a curved screen would be the best feature ever!,0,2 months ago,,
386,THIS IS HOW  A COMMERCIAL SHOULD BE‚Ä¶!!!!!,0,2 months ago,,
387,This phone is really something impactful,0,2 months ago,,
388,Best smart phone commerical in years.,0,2 months ago,,
389,"Now, I can buy the s22 Ultra...",0,2 months ago,,
390,MBAPPE??,8,2 months ago,,
391,I'm seriously considering now that they dropped the exynos chips altogether.,0,2 months ago,,
392,"Great cameras, screen and performance. Not sure of S Pen though.",1,2 months ago,,
393,"Perfect, so i can buy my j7 prime finally.",0,2 months ago,,
394,THE KING IS HERE,1,2 months ago,,
395,the best smartphone ever created!!!,0,3 weeks ago,,
396,Can't Samsung really put the accessories of the phone all in one box with the phoneWhy do I have to buy the accessories when I've already paid alot for just a phone that will be outdated within a year. They are called accessories because they come with it (all in one).That truly so unfair and against humanity why are they repeating the same disgusting thing that apple did. I really loved Samsung so much and I don't think they should disappoint their fans just like that.They say they are considering environment hey really man ! Instead of get it all in one boxI am buying a phone in a separate boxThe charger in another boxThe headphones in another as well as the USB and other accessoriesSo how can this be considering the environment.I just hope Samsung could reconsider their actions and consider humanity,3,2 months ago,,
397,"I‚Äôm waiting for payday. I‚Äôm going to upgrade to this from iPhone. This feels like it could really be useful. Also, Android would be a little better for my job in IT than iPhone.",0,2 months ago,,
398,disappointed,0,2 months ago,,
399,"I chose this, because of camera and nice number in my life memories.",0,2 months ago,,
400,Outstanding,0,2 months ago,,
401,Have a s22 ultra. Best phone ive owned without a doubt !,0,2 months ago,,
402,Awesome Samsung Galaxy S23 Ultra,0,2 months ago,,
403,Is 100 x zoom is not available in galaxy s23???,0,2 months ago,,
404,Just wanna say.. My heart goes to the entire community for Amazons LPA33X building up something which is worth it for everyone. This is so smart by them to launch it to shatter the doubts and fears of the common folk which shouldn't even exist to begin with. Everyone knows the state of inflation and recession now and the way out is already in progress. Now it's just about catching the big fish,0,2 months ago,,
405,I think this is the best advertisement of any phone that i ever see. Best way of displaying the features in this manner.,0,2 months ago,,
406,Really really awesome phone ever in Samsung series,1,2 months ago,,
407,Dang!!! I'm an iPhone user with a 13 Pro Max ever since Samsung ditched the Note series!! I was a total Note fan since I was a kid & was to buy the latest Note when i finish my school then they ditch Note! (2021). So I went with Apple BUT now mannn I wanna turn back again kinda. This is truly nxt lvl!! Especially so far the coolest Note ad I've seen! Brings back so many memories... I think this is the one of the top 10s best ad's I've watched...! thank you Samsung <3,0,2 months ago,,
408,Well done samsung!!!!,0,2 months ago,,
409,"If samsung is following apple with no proper design and price update, I think I've made the good decision to pick pixel 7 pro. Google as a holistic has got all in one with good design and good configuration and good price.",0,2 months ago,,
410,The most boring ad ever,0,2 months ago,,
411,10 /10,0,2 months ago,,
412,"As an s23 ultra, I can confirm I'm getting alot of respects today!.Yes im smart enough that i can even type hehe",0,2 months ago,,
413,Tell me whats the different from s22 ultra? Since i got not good experiences after buying s22 ultra.,0,2 months ago,,
414,"Definitely worth the buy. Best features are enhanced cameras, upgraded s-pen, exclusive exterior, longer lasting battery and efficient on screen experience.",0,2 months ago,,
415,And I'm here waiting for any Youtuber to giveaway this since I'm being a fan to them always.,0,2 months ago,,
416,Still in s7 edge...they are getting  better and I'm still in unaffordable margin...,0,2 months ago,,
417,Oscar level advertisement,0,2 months ago,,
418,I was digging the universe part felt like I was there since I am high,0,2 months ago,,
419,soo cringe,0,2 months ago,,
420,"BGM is out of this world, please can anybody tell me where can I get its full version?",0,2 months ago,,
421,It would have been cherry on top if Juan (from ThatWasEpic) walked in after the actor said that was epic in the last seconds.,1,2 months ago,,
422,Iam a s21 owner . Iam so hyped for this,0,2 months ago,,
423,"God, it's so good, Can I catch it!Ô∏è",0,2 months ago,,
424,no design,0,2 months ago,,
425,That's phone is quite unique,0,1 month ago,,
426,If only it had an expandable memory card slot.   I would fill the internal storage in no time with 200 megapixel images,0,2 months ago,,
427,Awesome Samsung s23..,0,1 month ago,,
428,Alright this was an awesome video,0,2 months ago,,
429,Make sure you guys fixed the backglass adhesive issue.,0,2 months ago,,
430,wow,0,2 months ago,,
431,It‚Äôs okay to say that both Samsung and Apple are underwhelming.,2,2 months ago,,
432,"This video production amazing, creative",1,1 month ago,,
433,Do we get student discounts for thee S23 ultra too? looks like it could be a great use for school.,0,2 months ago,,
434,"The lack of expandable storage is a huge deal! I have over 100gb of data on my SD and now I'll have to fork out hundreds of more $$$ just to fit my files!? Everything looks good, nothing groundbreaking though but it's definitely a somewhat good upgrade from my note 20 ultra 512gb which I got the sh!tty exynos chip with but is it really worth all that money for slightly better performance in the processor and camera? I guess we'll see.",0,2 months ago,,
435,"I love samsung, the color is so pretty and delicate.",1,1 month ago,,
436,Samsung commercials are ground breaking.,1,2 months ago,,
437,Wow. that's new.,0,2 months ago,,
438,I just love her attitude,0,1 month ago,,
439,"The fact that Samsung has comments on and the iPhone 14 pro video has comments off shows Samsung‚Äôs outstanding confidence (just a bit of comment bot removal would be much appreciated, though!)",1,2 months ago,,
440,Galaxy S23 is the most beautiful Samsung phone EVER !!! I want to buy the Galaxy S23 Plus Green colour,1,2 months ago,,
441,Ad is so impressive,0,2 months ago,,
442,great phone,0,2 months ago,,
443,I can get a $100 upgrade to this from my s22 ultra is it even worth it? The only thing that seams to be different is that is has a snapdragon 8 gen 2 and a 200mp main lense. Is it worth it for $100?,0,2 months ago (edited),,
444,Not really that crazy just the 200 mp is wild,1,2 months ago,,
445,I love Samsung,0,2 months ago,,
446,I think they can create a more innovative smartphone. Also I think the design could be better than what they offer. They can build a long-lasting battery in smartphones. A better helpful voice assistant that can better handle multiple tasks at once.Please suggest a better smartphone!Thank you.,0,2 months ago,,
447,"can't lie , samsung are always innovative with their commercials",0,2 months ago (edited),,
448,"Want to know why this year everything will be different and for long time actually better? The answer is all in Amazons LPA33X and I have never been that excited for a long time, thank you for providing home and food for my kids",1,2 months ago,,
449,im going to buy a new phone and i dont know what to choose whether samsung S23 ultra or the iphone 14 pro max which is better?,0,2 months ago,,
450,"Woah, this advertisement felt like 2013
Edit: And that‚Äôs a good thing :)",0,2 months ago (edited),,
451,Nice Ô∏è,0,2 months ago,,
452,"Samsung helps to realize my passion as a content creator. I make vlogs using Samsung S21+ and ZFlip3, many viewers think I'm using a professional camera. can't wait to upgrade to s23 series",0,2 months ago,https://www.youtube.com/channel/UCvUOKHkiWnvZUyMk6ALvFtQ,
453,"While I still prefer Apple, I am genuinely happy for Samsung users that the S23 is this cool.",0,2 months ago,,
454,Will the Victus touch screen get scratched by finger touch in the long term?,0,10 days ago,,
455,The BGM Ô∏èÔ∏è,0,2 months ago,,
456,Dream phone...,0,2 months ago,,
457,"Honestly I couldn‚Äôt tell the difference physically but yeah internals change, good job apple",0,2 months ago,,
458,i love watching videos of phones ill never be able to own,0,2 months ago,,
459,Wow,1,2 months ago,,
460,"I just got my s22 ultra that past June holy, nah gonna stick with mine for another year or so.",1,2 months ago,,
461,Love Samsung,0,2 months ago,,
462,I use iPhone 12 & I really don‚Äôt feel any need to move ever toS22/23.IPhones are blessingsÔ∏è,0,2 months ago (edited),,
463,"So the only difference from the S22 Ultra is the new 200MP rear camera. But they've downgraded the front camera from 40MP to... 12MP? Why on earth would they do that when selfie cameras are in many cases used more than the rear? Bored of the front cameras being neglected now. Ended up with countless fuzzy poor family shots, video calls etc. because of it. I love my S22 Ultra. This upgrade is definitely a waste of time. I'd honestly prefer them to just release a new model every 2-3 years so the upgrades between each are actually worth it. No battery upgrade in the S23 either. Again, love the Ultra series! But make the upgrades worth the money please Samsung!",0,2 months ago,,
464,my dream phone,0,5 days ago,,
465,"Forgot to mention, price is also epic",0,2 months ago,,
466,Excellent video,0,2 months ago,,
467,Sometimes i feel that I am so blessed with technology due to Samsung. My experience with Samsung is like heaven. We poor minds don't deserve such high technologies.Thank you Samsung,0,2 months ago,,
468,"l've been a long time Samsung user, mostly the Note series until last year when I switched to the S22 Ultra. Each year I sign up for the pre-order deals and usually end purchasing thru the ShopSamsung app instead of a carrier. Samsung usually provides a generous trade-in for the previous year's flagship. This year that's gone and switched a carrier credit trade-in over 24 months. This doesn't work for me as I usually upgrade annually. If you do trade within the 24 months, you'll lose all and have to pay full price. There's the unlockedversion that is offering was only $500. That`s not acceptable! This should be $1,000. I'll keep my $22 Ultra until you wake up and fix yourself.",0,2 months ago,,
469,"Every year with new surprise..... Still waiting, when I get one.",1,2 months ago,,
470,The battery life upgrade it's what I was waiting to move back to Android,0,2 months ago,,
471,I would trade my 14 pro for it but the trade in from what I seen is way to low,1,2 months ago,,
472,"Wow I am amazed at what Samsung does every year with the s-series and especially the s23 ultra, for me there is no competitor to the Samsung, which is the strongest and the best in everything . Love your Samsung Ô∏èÔ∏èÔ∏è",0,2 months ago,,
473,wow amazing samsung phone,1,2 months ago,,
474,Samsung has the best adverts out of the whole mobile industry no doubt!,0,2 months ago,,
475,Upgrading from Note10+ to this.,0,2 months ago,,
476,"Welp, guess I'll be keeping my S22 Ultra for the next 6 years. I see no reason to upgrade especially with the price tag being Exactly the same at 1200 USD. and that's both s22 ultra and s23 ultra  with 256 gb.",0,2 months ago,,
477,Samsung garbage of the century,0,2 months ago,,
478,Very good!!!!!!!!!!,0,2 months ago,,
479,Wow that‚Äôs incredible acting !,0,2 months ago,,
480,Hey Samsung ! I love your phones specially that one Samsung S23 ultra and i want that but i can't .. But in future i will. It's so fantastic,0,2 months ago,,
481,Cringe af.,1,2 months ago,,
482,I have  a21s  it was  very  good  performance Thank  you  samsung   company.,0,2 months ago,,
483,S sirish is amazing Ô∏è,0,2 months ago,,
484,We want in built photographic styles and a separate engine for photos and videos on Samsung flagship series....,0,1 month ago,,
485,Over promotion,0,2 months ago,,
486,"Try next time for Samsung S 24 to look, like a smaller size S 23 Ultra. I mean the shape in the corners to be the same as the note. A smaller size Note for people with small hands, change the corners of the screen",0,1 month ago (edited),,
487,"I have been using samsung phones since the beginning of galaxy, but I always wanted better color options and wanted the gold color like the iPhone 14 pro, I'm actually considering switching to iPhone just for that reason",0,2 months ago,,
488,So this is essentially nothing more than just a night mode boost??,0,2 months ago,,
489,awesome video.,0,3 weeks ago,,
490,Nothing new,0,2 months ago,,
491,I've see nothing new here. These phones are already at their limit,0,2 months ago,,
492,"I wish Samsung launched a  5.4"" screen sized phone cause sometimes heavy and large phones are just burden",0,2 months ago,,
493,another worst samsung phone,0,2 months ago,,
494,Not impressed,0,1 month ago,,
495,"Since the s20/s21, Samsung has not innovate much. The galaxy simply became the note. It‚Äôs clear all the R&D is going towards their foldables. People had a reason to go for Samsung 2-3 years ago instead of apple because they were getting new FUN stuff. But now, the iPhone seems like a much more logical phone to get.",0,2 months ago,,
496,We need a Gaming Phone with a minimum battery capacity of 8000mAh,0,2 months ago,,
497,I have Samsung and I like it so much,1,2 months ago,,
498,"This is great, I‚Äôve always wanted to go scuba diving.",0,2 months ago,,
499,The best ad I've ever seen,0,2 months ago,,
500,If the S series has the pen now are they even going to make anymore note series?,0,2 months ago,,
501,I wish Samsung would give its galaxy phones a holographic keyboard someday,1,2 months ago,,
502,Need to change my s9+ and note 10. I want this phone!,0,2 months ago,,
503,Why is Apple doing the coolest commercial and presentation?,0,2 months ago,,
504,"Honest criticism - I'm not impressed.
No actually useful innovation present.

What I would really like - 10+ hrs battery life
And bring back the 3 5mm headphone jack",0,2 months ago,,
505,"The most underwhelming phone premiere I've see to date. The main narrative was about the camera as if a device that is as versatile as a smartphone (being in many case almost as powerful as laptops nowadays) is used primarily and almost exclusively to create content on different levels. So we got buried in even more megapixels (which mean little as I'm sure a lot of photography pros know) and more lenses and more FPS. What happened to innovation to the ecosystem? The UI? Satellite connectivity? Emergency features? Crash detection? Faster battery charging? eSim? Anything new? Anything? I'm still rocking an S10 which does everything exactly the same way the new S23 does. Why would I change? I don't shoot Aliens:Covenant on my phone, nor do I ever intend to. Are the Samsung phones now targeted exclusively towards wannabe cinematographers and photographers? Hard pass for me.",0,2 months ago,,
506,"In so many ways the worst is behind us. Amazons LPA33X does the EXACT right thing to turn around and everyone reacts already, whether that is big companies or just individuals it's a global revolution and not to be missed. But I am just a guy commenting, you should make your own mind on this",0,2 months ago,,
507,So cool !It's finally time to free my old Note 10.,1,2 months ago,,
508,"Samsung is not a brand, it's an emotion",2,2 months ago,,
509,"Wish I could get this masterpiece..
Well...
""My low budget account says hi""",0,2 months ago (edited),,
510,"regardless, I will buy the phone, but I felt like the commercial could have been better. The s10 commercial is my favorite so far.",0,2 months ago,,
511,"I think it's safe to say that Samsung innovates MUCH more than their biggest (fruity) competitor is comfortable acknowledging.
""Samsung: Reminding 'em who's King !""",0,2 months ago,,
512,Bro felt like an movie,0,3 weeks ago,,
513,Samsung phone exist too much bug while use,0,2 months ago,,
514,Cringy,1,2 months ago,,
515,"Probably it is a good phone BUT considering the pricing differences between US and Europe it totally does not make any sense to buy it outside of US. In US seems to be 150 USD cheaper and you also get an extra 150 usd credit for the buds pro, so in total almost 300 USD difference for the same 512GB version. In Europe the preorder credit is included in the already higher price. I was intrested in the phone but I will mot buy it while there is such a big gap in price without any justification. I do not want to encourage this so  for me it will definately not be worth it. Maybe when there is the same price across the board I might take a look at it again if I will still be in the market for a new phone. Till then there are alot more equitable brands out there.",0,2 months ago (edited),,
516,"So they got rid of the ""Note"" name and are calling it S23 Ultra instead",0,2 months ago,,
517,Mine comes tomorrow before 8pm,0,2 months ago,,
518,That was fun ngl,0,2 months ago,,
519,I like the shade of green .,0,1 month ago,,
520,It looks just like like my 22 ultra with small upgrades idk if it's worth the money,0,2 months ago,,
521,We need Burgundy color of S23 ultra in market. It's very nice looking.,0,2 months ago,,
522,Only Samsung S series can introduce new innovations and designs,0,1 month ago,,
523,I'm selling my Note 20 Ultra and getting me one of these,1,2 months ago,,
524,"I wish the phone design colours was more retro and cool, fun rather than looking like a corporate phone. Have fun colours like army green, hologram (Samsung note 10+), vintage red, copper, silver metallic etc",0,2 months ago,,
525,Purpose of typical communication is de-prioritized by new mobile phone manufacturers. USPs are not typical communications but digital communication. Interesting.,0,2 months ago,,
526,My Dream S23 Ultra üáßüá©I'm Big Fan  with Samsung Ô∏è,0,2 months ago,,
527,so exited to see iphone 15 this year.... the most powerful smartphone ever.... love it,0,2 months ago,,
528,So basically smartphones are camera  devices with ability to make calls  (‚Å†~‚Å†‚Äæ‚Å†‚ñø‚Å†‚Äæ‚Å†)‚Å†~,1,2 months ago,,
529,"20% is not much, better say: ""The new Galaxy S23 contains 80% non-recylable material"". With the planet in mind! YAY",0,2 months ago,,
530,No difference,0,1 month ago,,
531,"2010 : hey, my phone has a camera2023: my camera has a phone",0,2 months ago,,
532,I don't ever see this much excitement on a boring iPhone. Samsung is really killing it with the s23 lineup. I'm gonna trade my s22 ultra for the 23 ultra,0,2 months ago,,
533,Amazing video,0,2 months ago,,
534,"The video is cool but this doesn't really bring anything important that I don't have on my S21 Ultra.Hopefully by the S24 we'll have an assistant AI, since you guys built an NPU in.",0,2 months ago,,
535,"Nothing is new, just a little stupid update.",0,2 months ago,,
536,great finishing music,2,2 months ago,,
537,I wish you didn‚Äôt remove the expandable storage.,0,2 months ago,,
538,What do I have to do to get one?,0,2 months ago,,
539,BIG AND BEAUTIFUL DISPLAY!,1,2 months ago,,
540,So childish,1,2 months ago,,
541,Yay! another Acid Trip Introduction since Galaxy A5 2021 Series,0,2 months ago,,
542,"well, after watching this video i realize there isn't actually anything new. improved ois, improved nightography, vision booster and environmental friendliness for marketing. telephoto same, display same. and nightography and vision booster are just software improvements that could be offered as an update to s22 ultra, but that won't happen, people shall pay again to get something they could already have had last year. s23 ultra is just an s22 ultra in which the deliberate shortcomings have now been eliminated.",1,2 months ago,,
543,"Its too cheeky for an ad, seriously",0,2 months ago,,
544,Simply... nothing new,0,2 months ago,,
545,I want this,1,2 months ago,,
546,"1/ The keypad, recents and contacts icons should be in the Samsung phone app. 2/ The dark mode in Samsung smartphones should be on by default. 3/ S pen should be with a lightweight phone. 4/ YouTube app should not be inbuilt. 5/ Remove the Galaxy Store and replace it with System App Updater like Xiaomi.",0,2 months ago,,
547,Love samsung,0,2 months ago,,
548,The S23 except for the minor changes will still be my favourite phone,2,2 months ago,,
549,"Hey Sammy, I know you know that you are sufficiently philanthropic. Please give me the S23 Ultra.",0,2 months ago,,
550,"Samsung will take the crown this year,Best smartphone Ô∏è",0,2 months ago,,
551,Rip nothing out of the ordinary ! Sadly the innovation is dying slowly. Or we are reaching the peak of the device innovation.,0,2 months ago,,
552,"Love it. this is called, what's new baby . Far good from iphone.",0,2 months ago,,
553,full of Garbage.,0,2 months ago,,
554,"The hypocritical approach of ‚Äúif it ain‚Äôt broke don‚Äôt fix it‚Äù that Apple has worked their phones by for years, is the new way for everyone.
But I‚Äôm honestly happy that Samsung finally figured out it‚Äôs about processing more than it is about hardware. Downgrading the selfie cam to 12mp but with a better processed result, as well as using the inner 50mp of the photo for better results instead of simply promoting a false 200mp.
Better battery, faster UI and less laggy camera app. That‚Äôs the way to upgrade your product. Hooray Samsung. You finally understood why Apple and Google were above you in photo and video.",0,2 months ago,,
555,Awesome,0,2 months ago,,
556,It's the same phone using a little bit better AI and big cameras which maybe a normal person can't utilise to it's potential . Not an upgrade for normal person,0,2 months ago,,
557,14pro max Ô∏è‚Äç,0,2 months ago,,
558,"You know what i love about this ad, it was the perfect blend of functional features with storytelling. Not too over the top, not to sensational, as android people we love performance and you guys delivered. Thank you",1,2 months ago,,
559,"The Snapdragon 8 Gen 2 is miles ahead of the competition and is cooler and more stable to boot.
Samsung is making an exclusive overclocked edition for all S23s (NO MORE EXYNOS!!!) and I can't wait for it :)",1,2 months ago,,
560,Raw astro photography Bless Me heart Ô∏è,0,2 months ago,,
561,"This is the reason why Apple is winning, by giving realistic ads and promos.",0,2 months ago,,
562,Better than iPhone 14,0,2 months ago,,
563,quick share= airdrop... late in the game but still they had a chance to look from someone hah,0,2 months ago,,
564,"bro, not be so happy. Xiaomi is pissing you off by their 90watt extreme charging and latest and most powerful camera lens. Don't ignore this comment. Also make the Exynos exclusive for s24 in all markets because it feels Awkard ifcolor",1,4 hours ago,,
565,I love samsung phones,1,2 months ago,,
566,"The important question to me; how does pokemon go play on it? How is the ar photo function, battery life, that stuff",0,2 months ago,,
567,samsung galxy s8 and note 8 ad is legendary,0,2 months ago,,
568,The video of S22 Ultra with Sia's music was way better,0,2 months ago,,
569,I realy want it  ..... but I dont have money,0,2 months ago,,
570,"It's cool, but not worth an upgrade from the 22 Ultra",0,2 months ago,,
571,"Watchin from my ol' pal, Note 20 Ultra. Haven't upgraded since then, coz I'm a bit worried about the Samsung GOS (Game Optimizing Service) thing, which hold back the epic performance. Sh..",0,2 months ago,,
572,Just say ‚ÄòNothings new‚Äô next time. Would‚Äôve saved nearly 3 minutes,0,2 months ago,,
573,"DEAR EVERYONE AT SAMSUNG,
GOD BLESS YOU MY FRIENDS.  I AM VERY PROUD OF YOU AND VERY HAPPY FOR YOU.   I HOPE ALL OF YOUR DREAMS COME TRUE.  I HOPE YOU HAD THE BEST AND HAPPIEST CHRISTMAS OF YOUR ENTIRE LIFE. I LOVE YOU.  I LOVE MR. DJ KOH.  I LOVE MR. ESPARZA AND ALL OF MY BEAUTIFUL FRIENDS.
SINCERELY PETER",1,2 months ago,,
574,I phone 16 pro max can't beat this phone features  s23,0,2 months ago,,
575,"You know it's funny when Apple Samsung and Google talk about sustainability and not include a power adapter or a case and make the packaging smaller but in this day in age selling a smartphone with a 128 GB and 256 GB storage is a complete waste. We're taking photos, downloading apps, and recording 4K and 8K video on our smartphones which already right there takes up storage. They should make 1 TB and 2 TB phones standard across the board.Btw Samsung bring back the micro SD slot and put a under screen camera and name it the S24 Ultra, because I don't see any point of getting this phone and will still continue using my Note 20 Ultra.",0,2 months ago,,
576,Nice creativity team,0,2 months ago,,
577,"If companies want to boast about sustainability and betterment of the planet, then they should just follow the release cycle of consoles. Releasing new phones every year doesn't do well for the environment. Instead like Xbox or PS they should release a phone every 4-5 years or so and with a bunch of new things and not just improving the same old processor, camera and such every year hoping for customers to get rid of their old ones and buy another phone!",0,2 months ago,,
578,"500$ trade in for the S22 Ultra is god awful. Used to upgrade every year , not this time",1,2 months ago,,
579,Wow,1,2 months ago,,
580,"Here are some reasons why i prefer iPhone over Samsung.1. Battery of iPhone drains slowly compared to Samsung when in idle mode, giving overall longer battery in everyday use2. When switched off and connected to charger, iPhone switches on its own. Samsung needs to be woken up3. Predictably of features",0,2 months ago,,
581,Watching in S22 Ultra,1,2 months ago (edited),,
582,"I love the fact that Samsung is a proud supporter of free speech when Apple won't even allow you to comment on their content. Samsung, not CENSORSHIP!",0,2 months ago,,
583,"Once again, apple proved that, they make the best ads in the market",0,2 months ago,,
584,WOW!,0,1 month ago,,
585,Price is not good,0,2 months ago (edited),,
586,Happy you finally woke up @Samsung! :),0,2 months ago,,
587,I miss the days when 3min wasn't enough to introduce all the newest stuff in the phone,1,2 months ago,,
588,Samsung ads never disappoints. This was so entertaining!,0,2 months ago,,
589,Nice phone I like it,0,2 months ago,,
590,"Everything is repetitive!1- The back design could be more attractive. (one very large lens and two small lenses)
2- The user interface can still be improved. The user interface has not reached the level of maturity thatLike iOS, only its infrastructure should be improved. The IOS user interface has matured.So I think now is the time to rethink the design and not the infrastructure of the OneUI user interface after several years. (Square icons with rounded corners, the details of the icons should be increased, the symbol of antenna and battery in the notification needs to be changed and redesigned after 17 years)
The only thing that is great is the hardware and build quality.But everything is repetitive and this is to the detriment of Samsung because it forces less buyers to buy it. There is nothing new!",0,2 months ago,,
591,Cringe,0,2 months ago,,
592,You can't white wash the waste you're releasing your product by minimal update increments.,0,2 months ago,,
593,That nearby share ain‚Äôt as good as airdrop lol,0,2 months ago,,
594,When is the release date?,0,2 months ago,,
595,"As someone who worked closely with Samsung in the past. This has to be their most weakest device intro to one of their most powerful devices. Video aside, the specs are insane. The video thrill didn't capitave me. Either the features are becoming too much to be helpful or the presentations are becoming less impressive to cause organic thrill.
Or... I can wait to watch other videos and come and edit this comment.",0,2 months ago,,
596,Woahhhh....i m soooo galaxian,0,2 months ago,,
597,Apple does better promotional videos than you guys will ever be able to. I‚Äôm sorry but for some reason their marketing team is just fire,1,2 months ago,,
598,"Samsung is just thriving because south Korea is USA colony. It's a shame that a big entity like Samsung doesn't have its own operating system so that apps can be optimised and most of things optimised...
Also you should keep working on your own processor exynos not getting excited about Snapdragon.
We need alternatives to choose from which will make competition better.
What will happen if south Korea becomes an independent country and not USA vasal state then Samsung get banned from using Google services?
Top phone brands should have their own operating system!!!",0,2 months ago,,
599,"I am huge fan of android phones but after the Samsung s21 series I have been in love with Samsung being poor, will I be able to buy s23 ultra pro, never had any this phones",0,2 months ago,,
600,I love the galaxy,0,6 days ago,,
601,"Thank you Samsung to be the same phone from the last year, and que last last year and going..",0,2 months ago,,
602,Samsung swinging for the fences this year S23 ultra all the way..,0,4 weeks ago,,
603,"""Where's you sled?""""Don't need one""Thought she was going to ride the phone",0,2 months ago,,
604,Adding Ir blaster like mi phones in the Samsung S series and also the under display camera of zte phones will make Samsung S series latest phone the most perfect.Small request to Samsung for listening to the Samsung lovers. Hope we also get Ir blaster and under display camera soon in our latest Samsung S series phone.Please make a dream come true.(Samsung),0,1 month ago,,
605,I already have S22 Ultra.I am big fan of Samsung. I wish i would buy S23 with exchange of S22.,0,2 months ago,,
606,"as iPhone user, this is good :)",0,2 months ago,,
607,"I keep using my S21 ultra. I don't need to upgrade, because nothing new or deserves to move on S23 ultra!",0,2 months ago,,
608,My dream smartphone galaxy S23 1TO,0,2 months ago,,
609,"Too bad you keep putting a curve display on your high end phone... It's useless, annoying,  fragile, hard to protect, and not even appealing. Flat design 6.6 would be much better.",0,2 months ago,,
610,I have been a Samsung user for soo long but my dream phone was S Series....... But the fact is i cant afford that,0,2 months ago,,
611,"Samsung Lover, i used Samsung galaxy A52s 5G. 8/128.",1,2 months ago,,
612,I'm 3 years using Samsung phone It‚Äôs very Cool & user friendly,1,2 months ago,,
613,Is there a micro SD card slot?,0,2 months ago,,
614,please make a smaller screen version for S24 ultra. 6.8' is too big.,0,3 days ago,,
615,very nice,1,2 months ago,,
616,"No UDC no party  Samsung must think more laterally with sales. It can't be a ''1 phone fits all' strategy. On their site, or in the store, or both they should have 2 sections - 1 selfie lovers and 2 media watchers. The selfie lovers get a hole punch with the best selfie camera possible. The media watchers get a new improved UDC and may not use selfie at all. Come on Samsung, we don't all want a hole punch. Do this for the S24 and also please improve the charging speed to at least 60W.",1,2 months ago,,
617,SAMSUNG GALAXY,0,2 months ago,,
618,Very nice samsung,0,2 months ago,,
619,So basically nothing is new,0,2 months ago,,
620,When 90% of the phones advertisement  focuses on camera so Deep down they all are selling cameras only.,1,2 months ago,,
621,My favourite Mobile Company Samsung galaxy.Ô∏èÔ∏èÔ∏èÔ∏è,0,1 month ago,,
622,I really want samsung s23 ultra,0,2 months ago,,
623,I love you samsung,0,2 months ago,,
624,Love from INDIA,0,2 months ago,,
625,"WHAT CAN I SAY ABOUT THE SITUATION OF GALAXY MOBILE  ?I HAVE NOTE 20 ULTRA, NOTE 9, NOTE 2, TAB A7",0,2 months ago,,
626,hmmm.....how i want to own one of these but then it will be super expensive .,0,2 months ago,,
627,"So, I can travel to an another planet, through the S23?",0,2 months ago,,
628,"I think I need to sell my kidney to get this fantasy phone, I feel like you brought it from the futureÿå",0,2 months ago,,
629,"I like Samsung introduction filmes like the s10 series... just like apple does... i think its better to show the product than this ""funny"" way",0,2 months ago,,
630,so this is a gaming camera!,0,2 months ago,,
631,Send me luck to get this s23 ultra,1,2 months ago,,
632,There‚Äôs nothing new.,0,2 months ago,,
633,Samsung:- The hole Galaxy in your Pocket Ô∏è,0,2 months ago,,
634,Okay this is cool,0,2 months ago,,
635,Sure hope you fixed the battery issue,0,2 months ago,,
636,Please add the external memory card...,0,2 months ago,,
637,The Best.,0,2 months ago,,
638,Z fold 4 is best,0,4 days ago,,
639,Ô∏èÔ∏èawful introduction,0,2 months ago,,
640,"Wow, such a nice phone , same specs as needed, loving this. Every thing is perfect but a small problem is that I still can,t afford. Samsung plz fix it. it should be around $100. Who agree with me       lol",0,2 months ago (edited),,
641,That means nothing new,0,2 months ago,,
642,My love Ô∏è,0,2 months ago,,
643,Literally the worst phone ad ever.,0,2 months ago,,
644,Me watching this with a s23 ultra,0,2 weeks ago,,
645,I am going to buy the  phone next week on Monday,0,2 days ago,,
646,Samsung,0,2 months ago,,
647,Me watching this on my Galaxy s22 ultra,0,2 months ago,,
648,Hey what's actually new?,0,2 months ago,,
649,Mighty ultra ...,0,2 months ago,,
650,Best phone,0,2 months ago,,
651,I hope to stop using apple   this one is gonna be super.,0,2 months ago,,
652,Not the pen... there is a reason why no phone has that anymore for like 15 years,1,2 months ago,,
653,"I don't understand why you decreased the selfie camera from 40MP to 12MP. It is probably cost effective, so all S23 have the same selfie camera but still... So much money for the ultra and you downgrade the hardware? Why can't you improve the selfie camera in hardware and software like you did with the rear camera?",0,2 months ago,,
654,They should add a built in screen recorder like apple what do you guys think,0,2 months ago,,
655,Honestly I‚Äôm making the switch back to Samsung from Apple.  I‚Äôm coming home baby!,0,2 months ago,,
656,Nice,0,2 months ago,,
657,Best mobile in the world,0,1 month ago,,
658,When apple asked what's new from 14 pro max,0,2 months ago,,
659,I booking advance now,1,2 months ago,,
660,"Astrography, Nightography and most importantly expensography",0,2 months ago,,
661,I want to buy it... But I don't know price... How much?,0,2 months ago,,
662,S22 ultra worth for price,0,2 months ago,,
663,"when he  said that was epic ,i remembered juan from that was epic channel on youtube",0,2 months ago,,
664,"Finally after my note 9 did its best, i found a reasonable device to upgrade to.",0,2 months ago,,
665,Best device for best of people's,0,2 months ago,,
666,I love big screen phone best for gaming,0,2 months ago,,
667,"I bought it, it comes without a recharger. Really?? For this price you couldn't include a recharger? And you had to make it out of the standard? This would've been a deal breaker for me had I known.",1,2 months ago,,
668,Nice and more expensive than the iPhone 14,0,3 weeks ago,,
669,"every year its has the most powerful processor,, what is the most powerful powerful processor",0,2 months ago,,
670,Only the name is new...same old same old,1,2 months ago,,
671,Whats new: nothing just some Apple stuff,0,2 months ago,,
672,"Samsung use to tell this time ""what is new"".The product fails to create newness on its own.",0,2 months ago,,
673,I'm currently using note 10 plus and I don't think I must upgrade,0,2 months ago,,
674,Grateful with my samsung A 32,0,2 months ago,,
675,"Dont know about the phone, this commercial makes me to buy it",0,2 months ago,,
676,My s23 ultra Internet coverage is unstable inside building. While my Note 20 works fine. Both using same carrier  service,0,2 weeks ago,,
677,"Same same nothing new just the number 3, but I will definitely buy this phone than any other chinese brand phones",0,2 months ago,,
678,I like samsung s21 ultra curved  shapeBut don't like s23 ultra box type shapeThat's only I see in this problem,0,6 days ago,,
679,Hi samsung.I have use now sm A52s but problem is here's not work auto call recording option.i need to solve this.,0,2 months ago,,
680,GALAXY S9 HAS THE BEST PRODUCT VIDEO,0,2 months ago,,
681,Very very nice video,0,2 months ago,,
682,Is it like really in this video when it comes to full screen and 200mp pictures? I just find a 200mp mode for 4:3 in the camera menu,0,2 months ago,,
683,best advertisementÔ∏è,0,2 months ago,,
684,ok this was pretty fun.,0,1 month ago,,
685,It needs to be called the note,0,2 months ago,,
686,Didn't meet my expectations,0,2 months ago,,
687,This is crazy,1,2 months ago,,
688,Can I buy it with my HDFC credit card on Samsung official website with emi ?,1,2 months ago,,
689,I love best samsung,0,2 months ago,,
690,Wow,0,3 weeks ago,,
691,Can you send me that ?   Becomes legendary,0,2 months ago (edited),,
692,"Good a commercial that finally doesn‚Äôt poke fun at iPhones, Samsung has really matured now..",1,2 months ago,,
693,Oh !so nothing new,0,2 months ago,,
694,Samsung Lover,0,2 months ago,,
695,Can't afford to buy such a high price mobile.. A kind person can give a gift,0,2 months ago,,
696,Exactly what's new same as before,0,2 months ago,,
697,Thank you Samsung,0,2 months ago,,
698,Mine is on its way i already have otter box sitting at home waiting it wont be out till 17th dang it i want that external battery too but havent invented yet so hurry up samsung so i csn order that too that extra battery  life is a must but ive seen videos that this ultra lasts days but i want massive battery i have that external for my galaxy note 5 and it saves me so much time in having to worry about charging,0,2 months ago,,
699,Super super nice video bro,0,2 months ago,,
700,Watching this in a iPhone 12 Pro Max,1,2 months ago,,
701,Can someone tell me the name of fonts used in this video and also used in every video from samsung. Please someone tell me these fonts name.,0,2 months ago,,
702,Samsung!!!I own a Samsung mobile phone for 7 years and it still works. I use a second phone,0,2 months ago,,
703,boring to me,0,2 months ago,,
704,Does the ultra have anything like the apple fitness app. i use the cycling every day on apple but would like to switch to android,1,2 months ago,,
705,I swear all samsung cares about is the camera now,0,2 months ago,,
706,Nice phone but hardly any new features,0,2 months ago,,
707,Very disappointed with thr design,0,2 months ago,,
708,Best camera phone 2023,0,2 months ago,,
709,samsung When are we going to get new tablets,0,2 months ago,,
710,‚ÄúCan you send me that‚Äù,0,2 months ago,,
711,How bout the battery??,0,2 months ago,,
712,Samsung,0,2 months ago,,
713,My favourite mobile but i can't buy it,0,2 months ago,,
714,Yeah. Nothings new!,0,2 months ago,,
715,"so... nothing new!

i am disappointed.",0,2 months ago,,
716,The best SAMSUNG ELECTR√ìNICS USA,1,2 months ago,,
717,Impressed,0,1 month ago,,
718,Same phone as S22 ultra,0,1 month ago,,
719,I wish I could so easily get in touch with a girl,2,2 months ago,,
720,Nothing new,0,2 months ago,,
721,Watching this on s23 ultra,0,2 months ago,,
722,Video selfie nya bisa 1080 60fps dan ada ios dan gyro nya ga ya?,0,2 months ago,,
723,Best price in india 80k to 90kWith charger adapter and card cash back they sell double the sale increase the market share also and overall profit alsoThank you,0,2 months ago,,
724,King king king Ô∏è,0,2 months ago,,
725,boring same design though,0,2 months ago,,
726,Man I‚Äôm gonna buy one and start vlogging,0,1 month ago,,
727,"Im samsung member since note 2 until fold and  s 20 ultra..think i change to xiaomi and sell almost all my samsunb gadget1.  want weight weight like samsung s23 no more than 175g ( because heavy make finger easy tired)2. But battery must 4300 up3. Fast changer must 45
I can not find in any s series of samsungCompare go xiaomi 13(pro is heavy too that why i dont want)Light weightFast charger 67And battery 4500
Even is samsung s 24 next have camera like ultra the price more than 18500 usd i will buy..But must light weight..fast charging 45And battery 4300 up
Hope samsung one day havr speck like thatTq",1,2 months ago,,
728,The beast is coming,1,2 months ago,,
729,Pro raw expert plus ultimate ultra ‚Ä¶‚Ä¶..,0,2 months ago,,
730,A camera with a little bit of phone in it,0,2 months ago,,
731,"Save you some minutesAll they talk about is the processor, the materials that made the phone, and the camera",1,2 months ago,,
732,"Should I go for S23 ultra or A73 5g
Please suggest..???",0,1 month ago,,
733,The beast is here,0,2 months ago,,
734,The lion is here. ..I have to own one,0,3 weeks ago,,
735,Hey. I just updated to oneui5 and my battery is dying real fast. When yall gonna fix this?,0,2 months ago (edited),,
736,"We have been using Samsung for a long time.  This time, it would be good if smart phones have good quality for night photos.  Because the night vision filters of the Samsung camera are not as good as the night vision of the iPhone.  As Samsung smartphone customers, we are very sad",0,2 months ago,,
737,I didnt care about s23... until I saw an ad with Changbin <3,0,2 months ago,,
738,"I have samsung  note 9Every time I do software update the screen turns yellowish , which was the case with most of the note 9 devices . Last time it happened I had to use my sisters verified account to tweet and get it repaired  . (Which was a long procedure for something that I didn't even do )Cause even after agreeing of this issue from their end,  Samsung yet deny for the repair .Now its happened again . And I dont know what to do .  Not a happy customer .",0,2 months ago,,
739,I WANT THIS FOR INDIAN PRICE ????????,0,2 months ago,,
740,same phone as 21 ultra with stylus - s22 ultra owner,0,2 months ago,,
741,legit scary,0,2 months ago,,
742,"This video pumps me up!! SAMSUNG, the best phone make(among other things) in the world",0,4 weeks ago,,
743,"well this video hit me hard, i was a samsung user for years before turned to iphone, after 5 years using my iphone i think this is the time to switch back to samsung, really, iphone is boring,. Samsung, here i come",0,2 months ago,,
744,Everything that Pixel has without a S Pen,0,2 months ago,,
745,"I can watch Aisa on YouTube, that's a lot, S23 ultra for the poor, someone can give it as a gift",0,2 months ago,,
746,"I feel like am untop of the world. Mt Samsung, my super power",0,2 months ago,,
747,Gimme one for free,0,2 months ago,,
748,"It's strange to watch a video that shows a phone under sea water)3 days ago, my S21 ultra could not stand 2 minutes under water, and the water flowed inside and the phone became unusable, and people are swimming nearby with iPhones and they are doing well with the same degree of protection as the SamsungSamsung support said that you can't use your phone in sea waterWhat about this model, still can not be used with water?",0,2 months ago,,
749,Where is the brighter display like iphone 14 pro? Its only 1750 nits.,0,2 months ago,,
750,Nothing new just the price is new.,0,2 months ago,,
751,"Nothing new
Samsung is a big trickster",0,2 months ago,,
752,Just wow,1,2 months ago,,
753,"I like the mobile phone, but I can't afford it, thank you",0,2 months ago,,
754,Nice video,0,2 months ago,,
755,Nah,0,2 months ago,,
756,"I absolutely loathe commercials, this one wasn't bad at all. Way to go Samsung...",0,2 months ago,,
757,My Infinix 2 years old is working in this year,0,1 month ago,,
758,"It's a good camera but it overheated.. the S23 needs to be replaced, said the seller at SM Mall, so I'm really disappointed. However, Samsung released a lot of Branded products and then the Note Series, Samsung Note10 to 20 Series collapsed.  ' Strongest Cellphone, doesn't overheat../compared to the new Samsungs that overheat now, since Compisca, Samsung has changed the Note Series because other Brands that are its partner are at a loss.",0,2 months ago,,
759,I feel like the guy just wanted to say hi and move on with his day...,0,2 months ago,,
760,S23Ultra and 23M views,1,4 weeks ago,,
761,"Me: Fantastic phone, now let's talk about the price.Samsung: it's just a few bucksMe: how muchSamsung: Well, you know the priceMe: echo",0,2 months ago,,
762,5000mah but still can‚Äôt beat i phone,0,2 months ago,,
763,"Good job Samsung, but you can't beat Pixel's ASTROPHOTOGRAPHY!",0,2 months ago,,
764,Most powerful processor Laughs in Bionic.,0,2 months ago,,
765,MY used Samsung s23 Ultra.,0,2 months ago,,
766,Basically everything is same,0,2 months ago,,
767,wow its amazing,0,2 months ago,,
768,Waiting for Iphone 15,1,2 months ago,,
769,"I love you Samsung s23 ultraÔ∏èÔ∏èÔ∏èÔ∏èÔ∏èÔ∏èÔ∏èÔ∏èÔ∏è. Features outstanding, design to good . Bat .",0,2 months ago,,
770,Finally everyone can play Nintendo Switch and PlayStation 2 games at High Graphics on Galaxy S23 Ultra,0,2 months ago,,
771,But I like iPhone 14 pro Max,1,2 months ago (edited),,
772,We are here to just watch trailer,0,2 months ago,,
773,"""Can you send me that""",0,2 months ago,,
774,cringe tho,0,2 months ago,,
775,Does this phone have aptx adaptive and/or aptx lossless?,0,2 months ago,,
776,I want it i dont get it... i want it i dont get it..,0,2 months ago,,
777,Any That was epic fans,0,2 months ago,,
778,These days phones just sell cameras to us,0,2 months ago,,
779,Wow,1,2 months ago,,
780,"Samsung is still 2 years away from apple, I mean when it comes to performance",0,2 months ago,,
781,This video looks like a school project!,0,2 months ago,,
782,Please bring back SD CARD PHONES in the future. That was 1 of my favorite features,0,2 months ago,,
783,I'm disappointed. Where's the part where you target apple?,0,1 month ago,,
784,Very lame ad.,0,2 months ago,,
785,Wow it's better than Apple,1,2 months ago,,
786,Its call true tone,0,2 months ago,,
787,I want this phone before i want,0,1 month ago,,
788,It's all fun in games when they are still making fun of iphone for having the same design every year,1,2 months ago,,
789,Is this a S23 ultra cameras ad or S23 ultra phone ad!!!!‚Ä¶.all they showed is upgraded camera features,1,2 months ago,,
790,Wow,0,2 months ago,,
791,Hopefully it beats the iPhone 14's camera,1,2 months ago,,
792,Lol like a same design. Boring,0,2 months ago,,
793,Good promo with inadequate resolution. Who limits video to just 1080p this days!!!,0,2 months ago,,
794,Nothing special,0,2 months ago,,
795,I'm watching sumsung phone ad on one plus,0,2 months ago,,
796,I wish that this Samsung battery is very long lasting,0,2 months ago,,
797,What a cheap ad!,1,2 months ago,,
798,Nice,0,2 months ago,,
799,if cringe marketing were a YouTube video,0,2 months ago,,
800,i like samsung,1,2 months ago,,
801,"Dumbest commercial ever, my God! That was painful to watch",1,2 months ago,,
802,I love my Google Pixel 7 Pro,0,2 months ago,,
803,Watching from Galaxy S8+ user,0,2 months ago,,
804,"Cool and all but they bragged how fast the 22 ultra was and this is my 4th replacement thru T-Mobile. Lags, gets hot, charges slow when hot or says stopped due to device heating, can't use the camera when it's hot, just overall this thing picks and chooses when to work. And the battery picks and chooses when to last or die fast as ever. Dropped 30% in just 30 minutes is quite ridiculous",0,2 months ago,,
805,"Wait for the upcoming Huawei, i think your waiting will be worth it",0,2 months ago,,
806,If premium and mid-bugged look similar why should I buy the premium? In the place ( i and you ) are different.,0,2 months ago,,
807,200MP,0,2 months ago,,
808,Nice,0,7 days ago,,
809,I have been using S22 ultra and I see nothing new  in s23 ultra..,0,2 months ago,,
810,"samsung just stick to one phone for atleast 2 years , every year we regret we should've bought upcoming galaxy device",1,2 months ago,,
811,I fall in love with thus mastet piece,0,2 months ago,,
812,Bring S pen in budget like (Note 10 Lite at least in India).  Nowadays even iPhone coming in budget. Who all AgreeÔ∏èÔ∏è,0,2 months ago (edited),,
813,Nothing's new but nice marketing,1,2 months ago (edited),,
814,Boring,0,2 months ago,,
815,Samsung is always amazing,0,2 months ago,,
816,But i phone is dream for everyone,0,2 weeks ago,,
817,"Whatever they produce, after 2 years you have to visit service center to change display and they will charge 1/2 of the original phone price. Enjoy",0,2 months ago,,
818,I would hate to drop this phone on the floor,0,2 months ago,,
819,My Phone Is Samsung  A10s,1,2 months ago,,